{
  "cost_rgu": 3,
  "cost_rgd": 3,
  "cost_spr": 0,
  "cost_nsp": 0,
  "init_en": 0,
  "init_status": 1,
  "ramp_dn": 9999,
  "ramp_up": 9999,
  "block_ch_mc": "0",
  "block_dc_mc": "0",
  "block_soc_mc": "0",
  "chmax": 125.0,
  "dcmax": 125.0,
  "block_ch_mq": "125.0",
  "block_dc_mq": "125.0",
  "block_soc_mq": "608.0",
  "soc_end": 128.0,
  "soc_begin": 480.0,
  "socmax": 608.0,
  "socmin": 128.0,
  "eff_ch": 0.8919999999999999,
  "eff_dc": 1.0,
  "imax": 1000,
  "imin": -1000,
  "vmax": 820,
  "vmin": 680,
  "ch_cap": 3413.3333333333335,
  "eff_coul": 0.946,
  "eff_inv0": 0.0,
  "eff_inv1": 0.99531,
  "eff_inv2": -0.00027348,
  "voc0": 669.282,
  "voc1": 201.004,
  "voc2": -368.742,
  "voc3": 320.377,
  "resis": 0.000365333,
  "therm_cap": 36000,
  "temp_max": 60,
  "temp_min": -20,
  "temp_ref": 20,
  "Utherm": 4.800000000000001,
  "deg_DoD0": 0.0616,
  "deg_DoD1": 0.537,
  "deg_DoD2": 3.3209,
  "deg_DoD3": -6.8292,
  "deg_DoD4": 5.7905,
  "deg_soc": 1.04,
  "deg_therm": 0.0693,
  "deg_time": 5.708e-06,
  "cycle_life": 10950,
  "cost_EoL": -187200000.0,
  "socref": 320.0,
  "soc_capacity": 640,
  "cell_count": 250
}