{
    "uid": "TSRTM201801280005",
    "time_limit": 10,
    "timestamps": [
        "201801280005",
        "201801280010",
        "201801280015",
        "201801280020",
        "201801280025",
        "201801280030",
        "201801280035",
        "201801280040",
        "201801280045",
        "201801280050",
        "201801280055",
        "201801280100",
        "201801280105",
        "201801280110",
        "201801280115",
        "201801280120",
        "201801280125",
        "201801280130",
        "201801280135",
        "201801280140",
        "201801280145",
        "201801280150",
        "201801280155",
        "201801280200",
        "201801280205",
        "201801280210",
        "201801280215",
        "201801280220",
        "201801280225",
        "201801280230",
        "201801280235",
        "201801280240",
        "201801280245",
        "201801280250",
        "201801280255",
        "201801280300"
    ],
    "durations": [
        5,
        5,
        5,
        5,
        5,
        5,
        5,
        5,
        5,
        5,
        5,
        5,
        5,
        5,
        5,
        5,
        5,
        5,
        5,
        5,
        5,
        5,
        5,
        5,
        5,
        5,
        5,
        5,
        5,
        5,
        5,
        5,
        5,
        5,
        5,
        5
    ],
    "interval_type": [
        [
            "PHYS"
        ],
        [
            "ADVS",
            "ADVS",
            "ADVS",
            "ADVS",
            "ADVS",
            "ADVS",
            "ADVS",
            "ADVS",
            "ADVS",
            "ADVS",
            "ADVS",
            "ADVS",
            "ADVS",
            "ADVS",
            "ADVS",
            "ADVS",
            "ADVS",
            "ADVS",
            "ADVS",
            "ADVS",
            "ADVS",
            "ADVS",
            "ADVS",
            "ADVS",
            "ADVS",
            "ADVS",
            "ADVS",
            "ADVS",
            "ADVS",
            "ADVS",
            "ADVS",
            "ADVS",
            "ADVS",
            "ADVS",
            "ADVS"
        ]
    ],
    "forecast": {
        "wind": [
            1052.810828,
            1062.482343,
            1062.879091,
            1054.000664,
            1051.980599,
            1064.292832,
            1069.869621,
            1079.607608,
            1083.668954,
            1111.017707,
            1111.582991,
            1108.759578,
            1122.702254,
            1137.30502,
            1129.215724,
            1114.130775,
            1122.82453,
            1120.741331,
            1097.596332,
            1080.357169,
            1071.608614,
            1078.666635,
            1084.463813,
            1076.884973,
            1052.310217,
            1029.437007,
            1038.718908,
            1018.669455,
            1012.828971,
            1024.315572,
            1040.702375,
            1024.51521,
            1030.510675,
            1030.155265,
            1043.692108,
            1060.555639
        ],
        "solar": [
            7.355577,
            12.312444,
            11.228794,
            11.161323,
            9.309002,
            4.689726,
            11.161898,
            7.950256,
            4.250615,
            8.89248,
            5.011173,
            0.0,
            0.0,
            0.0,
            0.121335,
            0.323861,
            2.079186,
            2.790897,
            7.883278,
            10.466705,
            10.151671,
            7.967944,
            8.137365,
            7.452544,
            6.740491,
            14.918112,
            18.157339,
            19.051351,
            23.043221,
            20.186557,
            21.127257,
            24.422524,
            24.432466,
            14.660958,
            15.541476,
            16.696807
        ],
        "load": [
            3655.424432,
            3641.435914,
            3628.262492,
            3615.289064,
            3602.060136,
            3588.376832,
            3573.71217,
            3557.857233,
            3542.150784,
            3529.242075,
            3517.781898,
            3505.009503,
            3496.286622,
            3490.922452,
            3482.783652,
            3475.736117,
            3470.715615,
            3463.325823,
            3458.517851,
            3453.962451,
            3447.57139,
            3441.379862,
            3432.536048,
            3428.806066,
            3428.376446,
            3428.375024,
            3423.436865,
            3419.605368,
            3415.661101,
            3415.680432,
            3411.953862,
            3409.219295,
            3411.276689,
            3410.363507,
            3406.240512,
            3402.699399
        ]
    },
    "history": {
        "times": [
            "201801280000"
        ],
        "wind": [
            1059.852797
        ],
        "solar": [
            5.879786
        ],
        "load": [
            3669.204376
        ],
        "prices": {
            "EN": {
                "AVA": [
                    17.400420361055893
                ],
                "AZPS": [
                    16.074092345185424
                ],
                "BANC": [
                    16.668205362804137
                ],
                "BPAT": [
                    17.416462142651145
                ],
                "CHPD": [
                    17.41606742181769
                ],
                "CIPB": [
                    16.58081588335816
                ],
                "CIPV": [
                    16.58081588335816
                ],
                "CISC": [
                    16.023963916714028
                ],
                "CISD": [
                    16.048395258889524
                ],
                "DOPD": [
                    17.41609501699145
                ],
                "EPE": [
                    16.09998961090657
                ],
                "GCPD": [
                    17.4114718691335
                ],
                "IID": [
                    16.04554133822101
                ],
                "IPFE": [
                    16.531918632766015
                ],
                "IPMV": [
                    16.59244710590985
                ],
                "IPTV": [
                    16.86572387562379
                ],
                "LDWP": [
                    16.0839013309452
                ],
                "NEVP": [
                    15.637860063078284
                ],
                "NWMT": [
                    17.30921948868986
                ],
                "PACW": [
                    17.354363753453523
                ],
                "PAID": [
                    16.42112151045481
                ],
                "PAUT": [
                    16.24764758319187
                ],
                "PAWY": [
                    16.352294859185854
                ],
                "PGE": [
                    17.407737397284617
                ],
                "PNM": [
                    16.107309407993657
                ],
                "PSCO": [
                    16.292797928683015
                ],
                "PSEI": [
                    17.416356770031655
                ],
                "SCL": [
                    17.416190400378525
                ],
                "SPPC": [
                    12.771371731364717
                ],
                "SRP": [
                    16.069513905738095
                ],
                "TEPC": [
                    16.08568721643656
                ],
                "TH_Malin": [
                    17.301887947408442
                ],
                "TH_Mead": [
                    15.923054407591554
                ],
                "TH_PV": [
                    16.063923048306876
                ],